OBJECTID,Name,Label,Category2,Category1,Category3,Organization,Address Line 1,Address Line 2,City,State,ZIP Code,Source,Source ID,Source Date,Display,Last Update,x,y
9316,"Chatsworth, California",Chatsworth,Amtrak Stations,Transportation,,National Transportation Atlas Database (NTAD) 2009 & LA County,10040 Old Depot Plaza Road,,Chatsworth,CA,91311,HSIP Freedom AmtrakStation,CWT,11/1/2010,Y,,6380752.32203664,1916489.24308515
9317,"Glendale, California",Glendale,Amtrak Stations,Transportation,,National Transportation Atlas Database (NTAD) 2009 & LA County,400 West Cerritos Avenue,Glendale Transportation Center,Glendale,CA,91204,HSIP Freedom AmtrakStation,GDL,11/1/2010,Y,,6483598.79908605,1867474.80568114
9318,"Long Beach, California",Long Beach,Amtrak Stations,Transportation,,National Transportation Atlas Database (NTAD) 2009 & LA County,601 North Long Beach Blvd.,Denny'S Restaurant,Long Beach,CA,90802-1323,HSIP Freedom AmtrakStation,LBC,11/1/2010,Y,,6504363.43964331,1740252.0571744
9319,"Long Beach (Queen Mary), California",Long Beach (Queen Mary),Amtrak Stations,Transportation,,National Transportation Atlas Database (NTAD) 2009 & LA County,1146 Queens Highway,Next To The Seasonal Catalina Ferry Terminal,Long Beach,CA,90802-6331,HSIP Freedom AmtrakStation,LBQ,11/1/2010,Y,,6504086.08980431,1731562.68839832
9320,"La Crescenta, California",La Crescenta,Amtrak Stations,Transportation,,National Transportation Atlas Database (NTAD) 2009 & LA County,Honolulu & Lowell Avenue,Near I-210,La Crescenta,CA,91214,HSIP Freedom AmtrakStation,LCA,11/1/2010,Y,,6481471.07827589,1906437.18871422
9321,"Lancaster, California",Lancaster,Amtrak Stations,Transportation,,National Transportation Atlas Database (NTAD) 2009 & LA County,44812 Sierra Highway,Metrolink Station,Lancaster,CA,93534-3218,HSIP Freedom AmtrakStation,LCS,11/1/2010,Y,,6520737.82881047,2075519.38302948
9322,"Littlerock, California",Littlerock,Amtrak Stations,Transportation,,National Transportation Atlas Database (NTAD) 2009 & LA County,7715 Pearblossom Hwy,Come & Save Market,Littlerock,CA,93543-3038,HSIP Freedom AmtrakStation,LTR,11/1/2010,Y,,6564099.58887155,2012196.15632972
9323,"Burbank (Airport), California",Burbank Airport,Amtrak Stations,Transportation,,National Transportation Atlas Database (NTAD) 2009 & LA County,3750 Empire Avenue,,Burbank,CA,91505,HSIP Freedom AmtrakStation,BUR,11/1/2010,Y,,6454043.24960147,1893110.04640532
9324,"Claremont, California",Claremont,Amtrak Stations,Transportation,,National Transportation Atlas Database (NTAD) 2009 & LA County,200 West First St.,Metrolink Station,Claremont,CA,91711,HSIP Freedom AmtrakStation,CLM,11/1/2010,Y,,6647802.7590633,1856902.85504031
9325,"Santa Clarita-Newhall, California",Santa Clarita-Newhall,Amtrak Stations,Transportation,,National Transportation Atlas Database (NTAD) 2009 & LA County,24300 Railroad Avenue,Metrolink Station,Santa Clarita,CA,91321-0000,HSIP Freedom AmtrakStation,NHL,11/1/2010,Y,,6402734.52413514,1960716.53816056
9326,"Pasadena, California",Pasadena,Amtrak Stations,Transportation,,National Transportation Atlas Database (NTAD) 2009 & LA County,150 South Los Robles Ave.,Pasadena Hilton Hotel,Pasadena,CA,91101-2441,HSIP Freedom AmtrakStation,PAS,11/1/2010,Y,,6519179.62359355,1874570.5913583
9327,"Palmdale (Amtrak Thruway), California",Palmdale (Amtrak Thruway),Amtrak Stations,Transportation,,National Transportation Atlas Database (NTAD) 2009 & LA County,39000 Clock Tower Plaza Drive - Bus Bay 2E,Palmdale Transportation Center-San Joaquin Buses,Palmdale,CA,93550-4513,HSIP Freedom AmtrakStation,PMD,11/1/2010,Y,,6523172.17072655,2033166.91688156
9328,"Pomona (Sunset Ltd), California",Pomona (Sunset Ltd),Amtrak Stations,Transportation,,National Transportation Atlas Database (NTAD) 2009 & LA County,100 West Commercial Street,,Pomona,CA,91768,HSIP Freedom AmtrakStation,POS,11/1/2010,Y,,6637200.10441564,1844089.08539231
9329,"San Pedro (Catalina Terminal), California",San Pedro (Catalina Terminal),Amtrak Stations,Transportation,,National Transportation Atlas Database (NTAD) 2009 & LA County,"1St Stop:  N.Front & Swinford, Berth 95, Catalina",Catalina Terminal (Air And Sea),San Pedro,CA,90731,HSIP Freedom AmtrakStation,SPD,5/13/2011,Y,,6477579.47910371,1730938.82612897
9330,"San Pedro (Downtown), California",San Pedro (Downtown),Amtrak Stations,Transportation,,National Transportation Atlas Database (NTAD) 2009 & LA County,931 S. Gaffey St.,,San Pedro,CA,90731,HSIP Freedom AmtrakStation,SPO,11/1/2010,Y,,6472732.26406063,1726417.05367647
9331,"Van Nuys (Amtrak), California",Van Nuys,Amtrak Stations,Transportation,,National Transportation Atlas Database (NTAD) 2009 & LA County,7724 Van Nuys Blvd.,,Van Nuys,CA,91405,HSIP Freedom AmtrakStation,VNC,11/1/2010,Y,,6426247.19659789,1899461.34046122
9332,"Van Nuys (Flyaway), California",Van Nuys (Flyaway),Amtrak Stations,Transportation,,National Transportation Atlas Database (NTAD) 2009 & LA County,7610 Woodley Ave.,Van Nuys Airport Flyaway Terminal,Van Nuys,CA,91406-1728,HSIP Freedom AmtrakStation,VNF,11/1/2010,Y,,6415687.71738881,1898596.78477564
9333,Union Station,Union Station,Amtrak Stations,Transportation,,LA County,800 N. Alameda St.,,Los Angeles,CA,90012,Metropolitan Transportation Authority (MTA),1054069001,6/4/2013,Y,,6490052.9997603,1842864.12524381
9334,Foothill Presbyterian Hospital,Foothill Presbyterian Hospital,Heliports,Transportation,,LA County,250 South Grand Avenue,,Glendora,CA,91741,HSIP Freedom Gnis_structures,3179362,2020-07-14 23:24:43,Y,,6600611.68087347,1870764.60487582
9335,Henry Mayo Newhall Memorial Hospital,Henry Mayo Newhall Memorial Hospital,Heliports,Transportation,,,23845 W. McBean Pkwy.,,Valencia,CA,91355,211,3186500,2020-07-14 23:13:50,Y,,6391843.38646863,1976177.43407598
9336,Northridge Hospital Medical Center,Northridge Hospital Medical Center,Heliports,Transportation,,US Geological Survey (USGS) & LA County,18300 Roscoe Blvd.,,Northridge,CA,91328,HSIP Freedom Airports_Heliports,3186502,2020-07-14 23:14:58,Y,,6400545.01243806,1902996.12801106
9337,Vincent Substation,Vincent Substation,Heliports,Transportation,,US Geological Survey (USGS) & LA County,,,Acton,CA,93550,HSIP Freedom Airports_Heliports,3298734,2020-07-14 23:14:51,Y,,6526743.19442439,1999303.35009439
9338,Camp 11 Heliport,Camp 11 Heliport,Heliports,Transportation,,US Geological Survey (USGS) & LA County,,,Agua Dulce,CA,91350,HSIP Freedom Airports_Heliports,3298735,2020-07-14 23:14:51,Y,,6474961.53748922,1982020.38826931
9339,Santa Fe International Corp Heliport,Santa Fe International Corp Heliport,Heliports,Transportation,,US Geological Survey (USGS) & LA County,,,Alhambra,CA,91802,HSIP Freedom Airports_Heliports,3298736,2020-07-14 23:14:52,Y,,6516480.14506863,1851834.2966079
9340,Sce Energy Control Center,Sce Energy Control Center,Heliports,Transportation,,US Geological Survey (USGS) & LA County,,,Alhambra,CA,91801,HSIP Freedom Airports_Heliports,3298737,2020-07-14 23:14:52,Y,,6517911.5739643,1852944.17890257
9341,St Joseph Medical Center,St Joseph Medical Center,Heliports,Transportation,,US Geological Survey (USGS) & LA County,,,Burbank,CA,91505,HSIP Freedom Airports_Heliports,3298738,2020-07-14 23:14:52,Y,,6462145.65760922,1879155.29577155
9342,Nbc-Tv,Nbc-Tv,Heliports,Transportation,,US Geological Survey (USGS) & LA County,,,Burbank,CA,91523,HSIP Freedom Airports_Heliports,3298739,2020-07-14 23:14:52,Y,,6461386.89239447,1878450.16758865
9343,Station 125,Station 125,Heliports,Transportation,,US Geological Survey (USGS) & LA County,,,Calabasas,CA,91302,HSIP Freedom Airports_Heliports,3298740,2020-07-14 23:14:52,Y,,6350443.67235222,1877804.79191089
9344,Lost Hills Sheriff'S Station,Lost Hills Sheriff'S Station,Heliports,Transportation,,US Geological Survey (USGS) & LA County,,,Calabasas,CA,91754,HSIP Freedom Airports_Heliports,3298741,2020-07-14 23:14:52,Y,,6345479.52381597,1873288.66085131
9345,Hughes-Canoga Park Heliport,Hughes-Canoga Park Heliport,Heliports,Transportation,,US Geological Survey (USGS) & LA County,,,Canoga Park,CA,91409,HSIP Freedom Airports_Heliports,3298742,2020-07-14 23:14:52,Y,,6372492.10364898,1909401.3980089
9346,Boeing De Soto,Boeing De Soto,Heliports,Transportation,,US Geological Survey (USGS) & LA County,,,Canoga Park,CA,90807,HSIP Freedom Airports_Heliports,3298743,2020-07-14 23:14:52,Y,,6384744.0902998,1908316.67347232
9347,Carson Sheriff Station Heliport,Carson Sheriff Station Heliport,Heliports,Transportation,,US Geological Survey (USGS) & LA County,,,Carson,CA,90012,HSIP Freedom Airports_Heliports,3298744,2020-07-14 23:14:52,Y,,6482180.24253997,1762139.47107664
9348,Castaic Dam,Castaic Dam,Heliports,Transportation,,US Geological Survey (USGS) & LA County,,,Castaic,CA,91310,HSIP Freedom Airports_Heliports,3298745,2020-07-14 23:14:52,Y,,6381101.55099697,2011145.99537231
9349,Los Angeles Times-Northridge Heliport,Los Angeles Times-Northridge Heliport,Heliports,Transportation,,US Geological Survey (USGS) & LA County,,,Chatsworth,CA,90053,HSIP Freedom Airports_Heliports,3298746,2020-07-14 23:14:52,Y,,6389622.26066156,1909804.90573207
9350,Great Western Helistop,Great Western Helistop,Heliports,Transportation,,US Geological Survey (USGS) & LA County,,,Chatsworth,CA,91324,HSIP Freedom Airports_Heliports,3298747,2020-07-14 23:14:52,Y,,6390713.01963489,1909697.6572589
9351,Commerce Business Park,Commerce Business Park,Heliports,Transportation,,US Geological Survey (USGS) & LA County,,,City Of Commerce,CA,90040,HSIP Freedom Airports_Heliports,3298748,2020-07-14 23:14:52,Y,,6512976.79479189,1817571.95305923
9352,Los Angeles County Sheriffs Department Heliport,Los Angeles County Sheriffs Department Heliport,Heliports,Transportation,,US Geological Survey (USGS) & LA County,,,City Of Industry,CA,91754,HSIP Freedom Airports_Heliports,3298749,2020-07-14 23:14:52,Y,,6580762.50075564,1823907.03586148
9353,Recreation And Conference Center,Recreation And Conference Center,Heliports,Transportation,,US Geological Survey (USGS) & LA County,,,City Of Industry,CA,91744,HSIP Freedom Airports_Heliports,3298750,2020-07-14 23:14:52,Y,,6583368.37251239,1829569.56128182
9354,City Of Industry Civic Financial Center,City Of Industry Civic Financial Center,Heliports,Transportation,,US Geological Survey (USGS) & LA County,,,City Of Industry,CA,91744,HSIP Freedom Airports_Heliports,3298751,2020-07-14 23:14:52,Y,,6574023.99421956,1831282.75011264
9355,Haddicks,Haddicks,Heliports,Transportation,,US Geological Survey (USGS) & LA County,,,City Of Industry,CA,91744,HSIP Freedom Airports_Heliports,3298752,2020-07-14 23:14:53,Y,,6572255.73069572,1832596.13724965
9356,Playa Vista 1,Playa Vista 1,Heliports,Transportation,,US Geological Survey (USGS) & LA County,,,Culver City,CA,90094,HSIP Freedom Airports_Heliports,3298753,2020-07-14 23:14:53,Y,,6438886.55189656,1815652.57468015
9357,Playa Vista 2,Playa Vista 2,Heliports,Transportation,,US Geological Survey (USGS) & LA County,,,Culver City,CA,90094,HSIP Freedom Airports_Heliports,3298754,2020-07-14 23:14:53,Y,,6438042.77077572,1815251.62633505
9358,Playa Vista 3,Playa Vista 3,Heliports,Transportation,,US Geological Survey (USGS) & LA County,,,Culver City,CA,90094,HSIP Freedom Airports_Heliports,3298755,2020-07-14 23:14:53,Y,,6435593.45841713,1813543.1310644
9359,Wells Fargo-El Monte,Wells Fargo-El Monte,Heliports,Transportation,,US Geological Survey (USGS) & LA County,,,El Monte,CA,91735,HSIP Freedom Airports_Heliports,3298756,2020-07-14 23:14:53,Y,,6539945.9570608,1848169.31213997
9360,Airport Imperial Bldg Helistop,Airport Imperial Bldg Helistop,Heliports,Transportation,,US Geological Survey (USGS) & LA County,,,El Segundo,CA,90245,HSIP Freedom Airports_Heliports,3298757,2020-07-14 23:14:53,Y,,6441233.09444755,1797249.55604006
9361,Hughes Space And Communications Heliport,Hughes Space And Communications Heliport,Heliports,Transportation,,US Geological Survey (USGS) & LA County,,,El Segundo,CA,91409,HSIP Freedom Airports_Heliports,3298758,2020-07-14 23:14:53,Y,,6440896.0409878,1797250.88937072
9362,Chevron Refinery,Chevron Refinery,Heliports,Transportation,,US Geological Survey (USGS) & LA County,,,El Segundo,CA,90245,HSIP Freedom Airports_Heliports,3298759,2020-07-14 23:14:53,Y,,6432107.56184563,1791423.7146734
9363,Airport Towers Nr 1,Airport Towers Nr 1,Heliports,Transportation,,US Geological Survey (USGS) & LA County,,,El Segundo,CA,90243,HSIP Freedom Airports_Heliports,3298760,2020-07-14 23:14:53,Y,,6441803.79901481,1792395.07165456
9364,Pacific Bell - 2300 Imperial Highway Heliport,Pacific Bell - 2300 Imperial Highway Heliport,Heliports,Transportation,,US Geological Survey (USGS) & LA County,,,El Segundo,,,HSIP Freedom Airports_Heliports,3298761,2020-07-14 23:14:53,Y,,6445767.76221547,1815326.9066963
9365,Kilroy Airport Center,Kilroy Airport Center,Heliports,Transportation,,US Geological Survey (USGS) & LA County,,,El Segundo,CA,90245,HSIP Freedom Airports_Heliports,3298762,2020-07-14 23:14:53,Y,,6444943.81209172,1798043.94880822
9366,Verdugo Hills Hospital,Verdugo Hills Hospital,Heliports,Transportation,,US Geological Survey (USGS) & LA County,,,Glendale,CA,91209,HSIP Freedom Airports_Heliports,3298763,2020-07-14 23:14:53,Y,,6495884.20364906,1896753.39476164
9367,Glendale Adventist Medical Center/Gamc,Glendale Adventist Medical Center/Gamc,Heliports,Transportation,,US Geological Survey (USGS) & LA County,,,Glendale,CA,91206,HSIP Freedom Airports_Heliports,3298764,2020-07-14 23:14:53,Y,,6492060.89797547,1877657.06845306
9368,Bank Of America Glendale,Bank Of America Glendale,Heliports,Transportation,,US Geological Survey (USGS) & LA County,,,Glendale,CA,91203,HSIP Freedom Airports_Heliports,3298765,2020-07-14 23:14:53,Y,,6484080.24136464,1879091.62496714
9369,Glen Fed,Glen Fed,Heliports,Transportation,,US Geological Survey (USGS) & LA County,,,Glendale,CA,91209,HSIP Freedom Airports_Heliports,3298766,2020-07-14 23:14:53,Y,,6484670.21164139,1879696.55682814
9370,Dreamworks Helistop Glendale,Dreamworks Helistop Glendale,Heliports,Transportation,,US Geological Survey (USGS) & LA County,,,Glendale,CA,91201,HSIP Freedom Airports_Heliports,3298767,2020-07-14 23:14:53,Y,,6475113.82753897,1880124.08156365
9371,Glendale Plaza Emergency,Glendale Plaza Emergency,Heliports,Transportation,,US Geological Survey (USGS) & LA County,,,Glendale,CA,91203,HSIP Freedom Airports_Heliports,3298768,2020-07-14 23:14:54,Y,,6483430.7177293,1879090.6613864
9372,Camp 2 Heliport,Camp 2 Heliport,Heliports,Transportation,,US Geological Survey (USGS) & LA County,,,La Canada,CA,91011,HSIP Freedom Airports_Heliports,3298769,2020-07-14 23:14:54,Y,,6509066.5719693,1894200.60754439
9373,Los Angeles County Sheriff Lakewood Heliport,Los Angeles County Sheriff Lakewood Heliport,Heliports,Transportation,,US Geological Survey (USGS) & LA County,,,Lakewood,CA,91754,HSIP Freedom Airports_Heliports,3298770,2020-07-14 23:14:54,Y,,6521164.43064755,1768127.88167198
9374,Sheriffs Heliport,Sheriffs Heliport,Heliports,Transportation,,US Geological Survey (USGS) & LA County,,,Lancaster,CA,91754,HSIP Freedom Airports_Heliports,3298771,2020-07-14 23:14:54,Y,,6543865.73793514,2077125.13145839
9375,Antelope Valley Service Center,Antelope Valley Service Center,Heliports,Transportation,,US Geological Survey (USGS) & LA County,,,Lancaster,CA,93539,HSIP Freedom Airports_Heliports,3298772,2020-07-14 23:14:54,Y,,6517871.6094773,2058045.99606031
9376,Queensway Bay,Queensway Bay,Heliports,Transportation,,US Geological Survey (USGS) & LA County,,,Long Beach,CA,90801,HSIP Freedom Airports_Heliports,3298773,2020-07-14 23:14:54,Y,,6502456.42475656,1733282.82242523
9377,Va Medical Center,Va Medical Center,Heliports,Transportation,,US Geological Survey (USGS) & LA County,,,Long Beach,CA,90822,HSIP Freedom Airports_Heliports,3298774,2020-07-14 23:14:54,Y,,6525349.82844472,1740828.48942047
9378,Kilroy Ac8-Long Beach,Kilroy Ac8-Long Beach,Heliports,Transportation,,US Geological Survey (USGS) & LA County,,,Long Beach,CA,90245,HSIP Freedom Airports_Heliports,3298775,2020-07-14 23:14:54,Y,,6517261.51752163,1752262.37468915
9379,World Trade Center,World Trade Center,Heliports,Transportation,,US Geological Survey (USGS) & LA County,,,Long Beach,CA,90293,HSIP Freedom Airports_Heliports,3298776,2020-07-14 23:14:54,Y,,6501037.20515405,1741575.11194298
9380,Long Beach Memorial Medical Center,Long Beach Memorial Medical Center,Heliports,Transportation,,US Geological Survey (USGS) & LA County,,,Long Beach,CA,90801,HSIP Freedom Airports_Heliports,3298777,2020-07-14 23:14:54,Y,,6504772.3443373,1752687.55625348
9381,St Mary Medical Center,St Mary Medical Center,Heliports,Transportation,,US Geological Survey (USGS) & LA County,,,Long Beach,CA,90801,HSIP Freedom Airports_Heliports,3298778,2020-07-14 23:14:54,Y,,6505174.61945139,1741971.3450744
9382,Queen Mary,Queen Mary,Heliports,Transportation,,US Geological Survey (USGS) & LA County,,,Long Beach,,,HSIP Freedom Airports_Heliports,3298779,2020-07-14 23:14:54,Y,,6504584.34963456,1731250.36389172
9383,Naa Long Beach Port Helistop,Naa Long Beach Port Helistop,Heliports,Transportation,,US Geological Survey (USGS) & LA County,,,Long Beach,CA,90806,HSIP Freedom Airports_Heliports,3298780,2020-07-14 23:14:55,Y,,6501027.8656058,1736823.72971348
9384,St Vincent Professional Office Building,St Vincent Professional Office Building,Heliports,Transportation,,US Geological Survey (USGS) & LA County,,,Los Angeles,CA,90057,HSIP Freedom Airports_Heliports,3298781,2020-07-14 23:14:55,Y,,6479115.67222555,1845746.77761498
9385,Usc University Hospital,Usc University Hospital,Heliports,Transportation,,US Geological Survey (USGS) & LA County,,,Los Angeles,CA,90404,HSIP Freedom Airports_Heliports,3298782,2020-07-14 23:14:55,Y,,6500562.34324288,1842057.1783669
9386,Van Nuys County Court,Van Nuys County Court,Heliports,Transportation,,US Geological Survey (USGS) & LA County,,,Los Angeles,CA,91754,HSIP Freedom Airports_Heliports,3298783,2020-07-14 23:14:55,Y,,6426305.14005156,1889402.04299456
9387,Wilshire Area,Wilshire Area,Heliports,Transportation,,US Geological Survey (USGS) & LA County,,,Los Angeles,CA,90012,HSIP Freedom Airports_Heliports,3298784,2020-07-14 23:14:55,Y,,6457893.34491964,1839645.1753169
9388,Devonshire Area,Devonshire Area,Heliports,Transportation,,US Geological Survey (USGS) & LA County,,,Los Angeles,CA,90012,HSIP Freedom Airports_Heliports,3298785,2020-07-14 23:14:55,Y,,6401074.65606381,1916312.84022273
9389,Parker Center,Parker Center,Heliports,Transportation,,US Geological Survey (USGS) & LA County,,,Los Angeles,CA,90012,HSIP Freedom Airports_Heliports,3298786,2020-07-14 23:14:55,Y,,6488612.54168323,1841476.97119398
9390,Hotel New Otani Los Angeles,Hotel New Otani Los Angeles,Heliports,Transportation,,US Geological Survey (USGS) & LA County,,,Los Angeles,CA,90012,HSIP Freedom Airports_Heliports,3298787,2020-07-14 23:14:55,Y,,6488190.85289405,1841073.73184298
9391,Ucla Emergency Medicine Dept.,Ucla Emergency Medicine Dept.,Heliports,Transportation,,US Geological Survey (USGS) & LA County,,,Los Angeles,CA,90025,HSIP Freedom Airports_Heliports,3298788,2020-07-14 23:14:55,Y,,6427628.46680123,1846333.48444681
9392,The Wilshire Thayer,The Wilshire Thayer,Heliports,Transportation,,US Geological Survey (USGS) & LA County,,,Los Angeles,CA,90024,HSIP Freedom Airports_Heliports,3298789,2020-07-14 23:14:55,Y,,6430653.27341564,1845410.61194873
9393,California Mart Heliport,California Mart Heliport,Heliports,Transportation,,US Geological Survey (USGS) & LA County,,,Los Angeles,CA,90079,HSIP Freedom Airports_Heliports,3298790,2020-07-14 23:14:55,Y,,6484057.7046643,1837141.71313223
9394,Los Angeles County Mens Detention Center - Main Jail Heliport,Los Angeles County Mens Detention Center - Main Jail Heliport,Heliports,Transportation,,US Geological Survey (USGS) & LA County,,,Los Angeles,CA,91754,HSIP Freedom Airports_Heliports,3298791,2020-07-14 23:14:55,Y,,6491901.12237638,1844400.7383123
9395,Lapd Central Facilities Heliport,Lapd Central Facilities Heliport,Heliports,Transportation,,US Geological Survey (USGS) & LA County,,,Los Angeles,CA,90012,HSIP Freedom Airports_Heliports,3298792,2020-07-14 23:14:56,Y,,6486837.68105972,1838246.6348069
9396,United Ca Bank Data Processing Ops,United Ca Bank Data Processing Ops,Heliports,Transportation,,US Geological Survey (USGS) & LA County,,,Los Angeles,CA,90014,HSIP Freedom Airports_Heliports,3298793,2020-07-14 23:14:56,Y,,6473148.51552472,1847886.21329673
9397,The Westin Bonaventure Hotel,The Westin Bonaventure Hotel,Heliports,Transportation,,US Geological Survey (USGS) & LA County,,,Los Angeles,GA,30303,HSIP Freedom Airports_Heliports,3298794,2020-07-14 23:14:56,Y,,6484153.53682172,1841690.27457315
9398,City National Plaza,City National Plaza,Heliports,Transportation,,US Geological Survey (USGS) & LA County,,,Los Angeles,CA,90071,HSIP Freedom Airports_Heliports,3298795,2020-07-14 23:14:56,Y,,6483815.68185438,1841185.69060856
9399,Los Angeles County Sheriffs Department Heliport,Los Angeles County Sheriffs Department Heliport,Heliports,Transportation,,US Geological Survey (USGS) & LA County,,,Los Angeles,CA,91754,HSIP Freedom Airports_Heliports,3298796,2020-07-14 23:14:56,Y,,6511138.47891472,1843523.76893765
9400,Maguire-California Hospital,Maguire-California Hospital,Heliports,Transportation,,US Geological Survey (USGS) & LA County,,,Van Nuys,CA,90401,HSIP Freedom Airports_Heliports,3298797,2020-07-14 23:14:56,Y,,6481045.54303773,1835224.29505107
9401,Jay Stephen Hooper Memorial,Jay Stephen Hooper Memorial,Heliports,Transportation,,US Geological Survey (USGS) & LA County,,,Los Angeles,CA,90012,HSIP Freedom Airports_Heliports,3298798,2020-07-14 23:14:56,Y,,6492232.8438258,1842277.21073523
9402,Terminal Annex,Terminal Annex,Heliports,Transportation,,US Geological Survey (USGS) & LA County,,,Los Angeles,DC,20260,HSIP Freedom Airports_Heliports,3298799,2020-07-14 23:14:56,Y,,6490300.61442256,1843595.83539456
9403,Merle Norman Cosmetics Building 3 Heliport,Merle Norman Cosmetics Building 3 Heliport,Heliports,Transportation,,US Geological Survey (USGS) & LA County,,,Los Angeles,CA,90045,HSIP Freedom Airports_Heliports,3298800,2020-07-14 23:14:56,Y,,6446152.21420246,1805621.01042573
9404,City National Bank,City National Bank,Heliports,Transportation,,US Geological Survey (USGS) & LA County,,,Los Angeles,CA,90014,HSIP Freedom Airports_Heliports,3298801,2020-07-14 23:14:56,Y,,6484569.63999213,1839869.61482865
9405,Sunset-Glendale,Sunset-Glendale,Heliports,Transportation,,US Geological Survey (USGS) & LA County,,,Los Angeles,CA,90026,HSIP Freedom Airports_Heliports,3298802,2020-07-14 23:14:56,Y,,6483083.0983458,1850790.52376106
9406,Operating Engineers Pension Trust Bldg,Operating Engineers Pension Trust Bldg,Heliports,Transportation,,US Geological Survey (USGS) & LA County,,,Los Angeles,CA,90010,HSIP Freedom Airports_Heliports,3298803,2020-07-14 23:14:56,Y,,6473476.8104718,1845054.86659722
9407,Bank Of America Data Center,Bank Of America Data Center,Heliports,Transportation,,US Geological Survey (USGS) & LA County,,,Los Angeles,CA,90012,HSIP Freedom Airports_Heliports,3298804,2020-07-14 23:14:56,Y,,6485676.66140014,1845123.25983314
9408,Beverly Center Heliport,Beverly Center Heliport,Heliports,Transportation,,US Geological Survey (USGS) & LA County,,,Los Angeles,MI,48304,HSIP Freedom Airports_Heliports,3298805,2020-07-14 23:14:56,Y,,6447411.44199897,1849487.8682299
9409,Everest And Jennings Helistop Number 1,Everest And Jennings Helistop Number 1,Heliports,Transportation,,US Geological Survey (USGS) & LA County,,,Los Angeles,CA,90025,HSIP Freedom Airports_Heliports,3298806,2020-07-14 23:14:56,Y,,6426922.9429498,1838957.35123323
9410,Occidental Petroleum,Occidental Petroleum,Heliports,Transportation,,US Geological Survey (USGS) & LA County,,,Los Angeles,CA,90024,HSIP Freedom Airports_Heliports,3298807,2020-07-14 23:14:56,Y,,6427282.13973796,1844111.1407944
9411,City Hall,City Hall,Heliports,Transportation,,US Geological Survey (USGS) & LA County,,,Los Angeles,,,HSIP Freedom Airports_Heliports,3298808,2020-07-14 23:14:56,Y,,6488193.53595956,1842185.60068223
9412,Engine Company Number 108 Heliport,Engine Company Number 108 Heliport,Heliports,Transportation,,US Geological Survey (USGS) & LA County,,,Los Angeles,,,HSIP Freedom Airports_Heliports,3298809,2020-07-14 23:14:57,Y,,6438487.8804498,1868728.84418356
9413,Engine Company Number 109 Heliport,Engine Company Number 109 Heliport,Heliports,Transportation,,US Geological Survey (USGS) & LA County,,,Los Angeles/Van Nuys,,,HSIP Freedom Airports_Heliports,3298810,2020-07-14 23:14:57,Y,,6413190.39922072,1870357.83994131
9414,Biltmore Hotel Heliport,Biltmore Hotel Heliport,Heliports,Transportation,,US Geological Survey (USGS) & LA County,,,Los Angeles,CA,90071,HSIP Freedom Airports_Heliports,3298811,2020-07-14 23:14:57,Y,,6484907.49659988,1840374.20699531
9415,Wells Fargo-Cv,Wells Fargo-Cv,Heliports,Transportation,,US Geological Survey (USGS) & LA County,,,Los Angeles,CA,90071,HSIP Freedom Airports_Heliports,3298812,2020-07-14 23:14:57,Y,,6479346.52445413,1837659.42896031
9416,Abc-Tv,Abc-Tv,Heliports,Transportation,,US Geological Survey (USGS) & LA County,,,Los Angeles,CA,90067,HSIP Freedom Airports_Heliports,3298813,2020-07-14 23:14:57,Y,,6476127.1535963,1860108.95853622
9417,Fib Administration & Operations Building,Fib Administration & Operations Building,Heliports,Transportation,,US Geological Survey (USGS) & LA County,,,Los Angeles,CA,90017,HSIP Freedom Airports_Heliports,3298814,2020-07-14 23:14:57,Y,,6481545.86257514,1842000.19258848
9418,Caltrans District 7,Caltrans District 7,Heliports,Transportation,,US Geological Survey (USGS) & LA County,,,Los Angeles,CA,90012,HSIP Freedom Airports_Heliports,3298815,2020-07-14 23:14:57,Y,,6488045.24557371,1841201.15022331
9419,Queen Of Angel-Hollywood Presbyterian Hospital Heliport,Queen Of Angel-Hollywood Presbyterian Hospital Heliport,Heliports,Transportation,,US Geological Survey (USGS) & LA County,,,Los Angeles,CA,90027,HSIP Freedom Airports_Heliports,3298816,2020-07-14 23:14:57,Y,,6473765.49394955,1857588.56495498
9420,Transamerica Center,Transamerica Center,Heliports,Transportation,,US Geological Survey (USGS) & LA County,,,Los Angeles,CA,90015,HSIP Freedom Airports_Heliports,3298817,2020-07-14 23:14:57,Y,,6492472.98868673,1836919.14697631
9421,Litton Industries,Litton Industries,Heliports,Transportation,,US Geological Survey (USGS) & LA County,,,Los Angeles,CA,91364,HSIP Freedom Airports_Heliports,3298818,2020-07-14 23:14:57,Y,,6381831.43339548,1884274.83113614
9422,Childrens Hospital Los Angeles,Childrens Hospital Los Angeles,Heliports,Transportation,,US Geological Survey (USGS) & LA County,,,Los Angeles,CA,90027,HSIP Freedom Airports_Heliports,3298819,2020-07-14 23:14:57,Y,,6473765.20195539,1857487.47985531
9423,International Tower,International Tower,Heliports,Transportation,,US Geological Survey (USGS) & LA County,,,Los Angeles,CA,90017,HSIP Freedom Airports_Heliports,3298820,2020-07-14 23:14:57,Y,,6482127.90734281,1839370.44916031
9424,Westwood Gateway,Westwood Gateway,Heliports,Transportation,,US Geological Survey (USGS) & LA County,,,Los Angeles,CA,90025,HSIP Freedom Airports_Heliports,3298821,2020-07-14 23:14:57,Y,,6426843.55892222,1840069.5898224
9425,Hughes Corporate Heliport,Hughes Corporate Heliport,Heliports,Transportation,,US Geological Survey (USGS) & LA County,,,Los Angeles,CA,91409,HSIP Freedom Airports_Heliports,3298822,2020-07-14 23:14:57,Y,,6433029.91203505,1810323.30843581
9426,Good Samaritan Hospital,Good Samaritan Hospital,Heliports,Transportation,,US Geological Survey (USGS) & LA County,,,Los Angeles,CA,90017,HSIP Freedom Airports_Heliports,3298823,2020-07-14 23:14:57,Y,,6481378.21625689,1842303.90031439
9427,Cedars-Sinai Medical Center,Cedars-Sinai Medical Center,Heliports,Transportation,,US Geological Survey (USGS) & LA County,,,Los Angeles,CA,90048,HSIP Freedom Airports_Heliports,3298824,2020-07-14 23:14:57,Y,,6446008.41494939,1850399.53569789
9428,Raleigh Enterprises,Raleigh Enterprises,Heliports,Transportation,,US Geological Survey (USGS) & LA County,,,Los Angeles,CA,90064,HSIP Freedom Airports_Heliports,3298825,2020-07-14 23:14:57,Y,,6427750.65947022,1835820.01925331
9429,Chase Plaza,Chase Plaza,Heliports,Transportation,,US Geological Survey (USGS) & LA County,,,Los Angeles,CA,90293,HSIP Freedom Airports_Heliports,3298826,2020-07-14 23:14:57,Y,,6483465.78426021,1836031.24553689
9430,K & T 660 Figueroa Partners,K & T 660 Figueroa Partners,Heliports,Transportation,,US Geological Survey (USGS) & LA County,,,Los Angeles,CA,90017,HSIP Freedom Airports_Heliports,3298827,2020-07-14 23:14:57,Y,,6483140.52080314,1840378.71289182
9431,Westside Towers,Westside Towers,Heliports,Transportation,,US Geological Survey (USGS) & LA County,,,Los Angeles,CA,90064,HSIP Freedom Airports_Heliports,3298828,2020-07-14 23:14:57,Y,,6424547.58844855,1834722.28686872
9432,Los Angeles Times-Los Angeles Heliport,Los Angeles Times-Los Angeles Heliport,Heliports,Transportation,,US Geological Survey (USGS) & LA County,,,Los Angeles,CA,90053,HSIP Freedom Airports_Heliports,3298829,2020-07-14 23:14:57,Y,,6487096.50009589,1840874.21288507
9433,Edward Roybal Federal Bldg,Edward Roybal Federal Bldg,Heliports,Transportation,,US Geological Survey (USGS) & LA County,,,Los Angeles,CA,90012,HSIP Freedom Airports_Heliports,3298830,2020-07-14 23:14:57,Y,,6489224.8596843,1841875.61672214
9434,Drew Medical Center,Drew Medical Center,Heliports,Transportation,,US Geological Survey (USGS) & LA County,,,Los Angeles,CA,90059,HSIP Freedom Airports_Heliports,3298831,2020-07-14 23:14:58,Y,,6488269.60208039,1794568.05451331
9435,Metropolitan Water District,Metropolitan Water District,Heliports,Transportation,,US Geological Survey (USGS) & LA County,,,Los Angeles,CA,90013,HSIP Freedom Airports_Heliports,3298832,2020-07-14 23:14:58,Y,,6489983.08028072,1842278.17759681
9436,Dept. Of Water And Power Granada Hills,Dept. Of Water And Power Granada Hills,Heliports,Transportation,,US Geological Survey (USGS) & LA County,,,Los Angeles,CA,90012,HSIP Freedom Airports_Heliports,3298833,2020-07-14 23:14:58,Y,,6419369.45805681,1927896.44828907
9437,Department Of Water & Power Los Angeles,Department Of Water & Power Los Angeles,Heliports,Transportation,,US Geological Survey (USGS) & LA County,,,Los Angeles,CA,90012,HSIP Freedom Airports_Heliports,3298834,2020-07-14 23:14:58,Y,,6486368.33226089,1843601.06373057
9438,Ri Ai Canoga Park B/2 Helistop,Ri Ai Canoga Park B/2 Helistop,Heliports,Transportation,,US Geological Survey (USGS) & LA County,,,Los Angeles,CA,90245,HSIP Freedom Airports_Heliports,3298835,2020-07-14 23:14:58,Y,,6384237.88396314,1907915.26548247
9439,Century City,Century City,Heliports,Transportation,,US Geological Survey (USGS) & LA County,,,Los Angeles,CA,90067,HSIP Freedom Airports_Heliports,3298836,2020-07-14 23:14:58,Y,,6435193.8988488,1844784.97310814
9440,J H Snyder Company Iii Heliport,J H Snyder Company Iii Heliport,Heliports,Transportation,,US Geological Survey (USGS) & LA County,,,Los Angeles,CA,90036,HSIP Freedom Airports_Heliports,3298837,2020-07-14 23:14:58,Y,,6454967.95280455,1845316.0868753
9441,Randy Champe-Gary Howe Memorial,Randy Champe-Gary Howe Memorial,Heliports,Transportation,,US Geological Survey (USGS) & LA County,,,Los Angeles,CA,90003,HSIP Freedom Airports_Heliports,3298838,2020-07-14 23:14:58,Y,,6477602.22708972,1807332.91776305
9442,Boeing Canoga Park,Boeing Canoga Park,Heliports,Transportation,,US Geological Survey (USGS) & LA County,,,Los Angeles,CA,90807,HSIP Freedom Airports_Heliports,3298839,2020-07-14 23:14:58,Y,,6379941.63927481,1891463.3705648
9443,Pacoima Dam,Pacoima Dam,Heliports,Transportation,,US Geological Survey (USGS) & LA County,,,Los Angeles,CA,91808,HSIP Freedom Airports_Heliports,3298840,2020-07-14 23:14:58,Y,,6441668.00237039,1944024.95769864
9444,St Francis Medical Center Helistop,St Francis Medical Center Helistop,Heliports,Transportation,,US Geological Survey (USGS) & LA County,,,Lynwood,CA,90262,HSIP Freedom Airports_Heliports,3298841,2020-07-14 23:14:58,Y,,6500219.70383631,1797074.33854273
9445,Malibu Administrative Center,Malibu Administrative Center,Heliports,Transportation,,US Geological Survey (USGS) & LA County,,,Malibu,CA,91754,HSIP Freedom Airports_Heliports,3298842,2020-07-14 23:14:58,Y,,6353188.36305705,1836642.64260806
9446,Anacapa View Estates,Anacapa View Estates,Heliports,Transportation,,US Geological Survey (USGS) & LA County,,,Malibu,CA,90265,HSIP Freedom Airports_Heliports,3298843,2020-07-14 23:14:58,Y,,6303212.15362647,1838643.2757459
9447,Camp 8 Heliport,Camp 8 Heliport,Heliports,Transportation,,US Geological Survey (USGS) & LA County,,,Malibu,CA,90265,HSIP Freedom Airports_Heliports,3298844,2020-07-14 23:14:58,Y,,6365701.43776838,1845556.53390098
9448,Hughes-Malibu Heliport,Hughes-Malibu Heliport,Heliports,Transportation,,US Geological Survey (USGS) & LA County,,,Malibu,CA,91409,HSIP Freedom Airports_Heliports,3298845,2020-07-14 23:14:58,Y,,6351438.98269755,1839282.94146131
9449,Trw Manhattan Beach,Trw Manhattan Beach,Heliports,Transportation,,US Geological Survey (USGS) & LA County,,,Manhattan Beach,CA,90278,HSIP Freedom Airports_Heliports,3298846,2020-07-14 23:14:58,Y,,6445484.71422514,1785102.51045232
9450,The Ritz-Carlton Hotel Company,The Ritz-Carlton Hotel Company,Heliports,Transportation,,US Geological Survey (USGS) & LA County,,,Marina Del Rey,GA,30326,HSIP Freedom Airports_Heliports,3298847,2020-07-14 23:14:58,Y,,6425226.0683908,1817028.99351522
9451,Los Angeles County Fire Station Nr 123,Los Angeles County Fire Station Nr 123,Heliports,Transportation,,US Geological Survey (USGS) & LA County,,,Newhall,CA,90063,HSIP Freedom Airports_Heliports,3298848,2020-07-14 23:14:58,Y,,6436600.09223063,1961533.00503156
9452,Sce Pardee Substation Helistop,Sce Pardee Substation Helistop,Heliports,Transportation,,US Geological Survey (USGS) & LA County,,,Newhall,CA,91355,HSIP Freedom Airports_Heliports,3298849,2020-07-14 23:14:58,Y,,6387018.77538297,1982500.77674423
9453,Southeast Superior Court,Southeast Superior Court,Heliports,Transportation,,US Geological Survey (USGS) & LA County,,,Norwalk,CA,91754,HSIP Freedom Airports_Heliports,3298850,2020-07-14 23:14:58,Y,,6539484.29328597,1790954.80845898
9454,Norwalk Sheriff Station,Norwalk Sheriff Station,Heliports,Transportation,,US Geological Survey (USGS) & LA County,,,Norwalk,CA,91754,HSIP Freedom Airports_Heliports,3298851,2020-07-14 23:14:59,Y,,6540495.53207713,1790852.89724548
9455,Barton Heliport,Barton Heliport,Heliports,Transportation,,US Geological Survey (USGS) & LA County,,,Pacoima,CA,91331,HSIP Freedom Airports_Heliports,3298852,2020-07-14 23:14:59,Y,,6436752.72808021,1917155.94188298
9456,Northrop Palos Verdes,Northrop Palos Verdes,Heliports,Transportation,,US Geological Survey (USGS) & LA County,,,Palos Verdes,CA,90250,HSIP Freedom Airports_Heliports,3298853,2020-07-14 23:14:59,Y,,6443607.56213956,1735474.76718831
9457,Mesa,Mesa,Heliports,Transportation,,US Geological Survey (USGS) & LA County,,,Pasadena,CA,91109,HSIP Freedom Airports_Heliports,3298854,2020-07-14 23:14:59,Y,,6509995.33651596,1896928.30189215
9458,Huntington Memorial Hospital,Huntington Memorial Hospital,Heliports,Transportation,,US Geological Survey (USGS) & LA County,,,Pasadena,CA,91109,HSIP Freedom Airports_Heliports,3298855,2020-07-14 23:14:59,Y,,6515163.35964447,1871052.5219509
9459,Super Bowl,Super Bowl,Heliports,Transportation,,US Geological Survey (USGS) & LA County,,,Pasadena,CA,91107,HSIP Freedom Airports_Heliports,3298856,2020-07-14 23:14:59,Y,,6509976.41890289,1885303.66339606
9460,Pomona Police Dept,Pomona Police Dept,Heliports,Transportation,,US Geological Survey (USGS) & LA County,,,Pomona,CA,91750,HSIP Freedom Airports_Heliports,3298857,2020-07-14 23:14:59,Y,,6624254.26547797,1841554.33390014
9461,Pomona Superior Court,Pomona Superior Court,Heliports,Transportation,,US Geological Survey (USGS) & LA County,,,Pomona,CA,91754,HSIP Freedom Airports_Heliports,3298858,2020-07-14 23:14:59,Y,,6637223.59386997,2005342.46071956
9462,Long Point,Long Point,Heliports,Transportation,,US Geological Survey (USGS) & LA County,,,Rancho Palos Verdes,CA,90274,HSIP Freedom Airports_Heliports,3298859,2020-07-14 23:14:59,Y,,6441969.54704289,1726888.59308773
9463,Sce Rosemead,Sce Rosemead,Heliports,Transportation,,US Geological Survey (USGS) & LA County,,,Rosemead,CA,91770,HSIP Freedom Airports_Heliports,3298860,2020-07-14 23:14:59,Y,,6536911.58320831,1840994.63193557
9464,Robert D Cloud,Robert D Cloud,Heliports,Transportation,,US Geological Survey (USGS) & LA County,,,Rosemead,CA,91770,HSIP Freedom Airports_Heliports,3298861,2020-07-14 23:14:59,Y,,6537248.47787572,1841398.71478881
9465,William Archibald,William Archibald,Heliports,Transportation,,US Geological Survey (USGS) & LA County,,,San Dimas,CA,91773,HSIP Freedom Airports_Heliports,3298862,2020-07-14 23:14:59,Y,,6622281.19494906,1860453.3423619
9466,Holy Cross Medical Center,Holy Cross Medical Center,Heliports,Transportation,,US Geological Survey (USGS) & LA County,,,San Fernando,CA,91345,HSIP Freedom Airports_Heliports,3298863,2020-07-14 23:14:59,Y,,6422265.08743614,1924497.12273864
9467,Spears,Spears,Heliports,Transportation,,US Geological Survey (USGS) & LA County,,,San Fernando,CA,91392,HSIP Freedom Airports_Heliports,3298864,2020-07-14 23:14:59,Y,,6418402.94785072,1936443.06406981
9468,Catalina Air-Sea Terminal,Catalina Air-Sea Terminal,Heliports,Transportation,,US Geological Survey (USGS) & LA County,,,San Pedro,CA,90733,HSIP Freedom Airports_Heliports,3298865,2020-07-14 23:14:59,Y,,6478130.77688564,1731216.81310581
9469,Ports O'Call,Ports O'Call,Heliports,Transportation,,US Geological Survey (USGS) & LA County,,,San Pedro,CA,90731,HSIP Freedom Airports_Heliports,3298866,2020-07-14 23:14:59,Y,,6477733.69336222,1725000.83538032
9470,Camp 14 Heliport,Camp 14 Heliport,Heliports,Transportation,,US Geological Survey (USGS) & LA County,,,Saugus,CA,91350,HSIP Freedom Airports_Heliports,3298867,2020-07-14 23:15:00,Y,,6418144.6416088,2028736.04975906
9471,Boeing Seal Beach (Rooftop),Boeing Seal Beach (Rooftop),Heliports,Transportation,,US Geological Survey (USGS) & LA County,,,Seal Beach,CA,90807,HSIP Freedom Airports_Heliports,3298868,2020-07-14 23:15:00,Y,,6535052.57380296,1733944.2781233
9472,Rockwell Facility,Rockwell Facility,Heliports,Transportation,,US Geological Survey (USGS) & LA County,,,Seal Beach,CA,90245,HSIP Freedom Airports_Heliports,3298869,2020-07-14 23:15:00,Y,,6535897.31948881,1734246.82738698
9473,Boeing Seal Beach (Ground Level),Boeing Seal Beach (Ground Level),Heliports,Transportation,,US Geological Survey (USGS) & LA County,,,Seal Beach,CA,90807,HSIP Freedom Airports_Heliports,3298870,2020-07-14 23:15:00,Y,,6533278.70333497,1733238.23196323
9474,Sherman Oaks Community Hospital,Sherman Oaks Community Hospital,Heliports,Transportation,,US Geological Survey (USGS) & LA County,,,Sherman Oaks,CA,91436,HSIP Freedom Airports_Heliports,3298871,2020-07-14 23:15:00,Y,,6425679.35554197,1880913.63083756
9475,California Title Building Heliport,California Title Building Heliport,Heliports,Transportation,,US Geological Survey (USGS) & LA County,,,South Pasadena,CA,91030,HSIP Freedom Airports_Heliports,3298872,2020-07-14 23:15:00,Y,,6516082.87092881,1867503.01953548
9476,Camp 15 Heliport,Camp 15 Heliport,Heliports,Transportation,,US Geological Survey (USGS) & LA County,,,Sunland,CA,91042,HSIP Freedom Airports_Heliports,3298873,2020-07-14 23:15:00,Y,,6474639.07028639,1927839.75220823
9477,Merle Norman Cosmetics-Sylmar Heliport,Merle Norman Cosmetics-Sylmar Heliport,Heliports,Transportation,,US Geological Survey (USGS) & LA County,,,Sylmar,CA,91406,HSIP Freedom Airports_Heliports,3298874,2020-07-14 23:15:00,Y,,6421384.72666405,1933699.92159022
9478,Olive View Medical Center,Olive View Medical Center,Heliports,Transportation,,US Geological Survey (USGS) & LA County,,,Sylmar,CA,90012,HSIP Freedom Airports_Heliports,3298875,2020-07-14 23:15:00,Y,,6427317.2157833,1941606.38609223
9479,Los Angeles County Fire Department,Los Angeles County Fire Department,Heliports,Transportation,,US Geological Survey (USGS) & LA County,,,Thousand Oaks,CA,91331,HSIP Freedom Airports_Heliports,3298876,2020-07-14 23:15:00,Y,,6298966.6457133,1853843.16988672
9480,Toyota Helistop,Toyota Helistop,Heliports,Transportation,,US Geological Survey (USGS) & LA County,,,Torrance,CA,90509,HSIP Freedom Airports_Heliports,3298877,2020-07-14 23:15:00,Y,,6466766.96004638,1770269.6562598
9481,Cosmodyne,Cosmodyne,Heliports,Transportation,,US Geological Survey (USGS) & LA County,,,Torrance,CA,90503,HSIP Freedom Airports_Heliports,3298878,2020-07-14 23:15:00,Y,,6458485.68494231,1765646.95618765
9482,Sheriffs Wayside Heliport,Sheriffs Wayside Heliport,Heliports,Transportation,,US Geological Survey (USGS) & LA County,,,Valencia,CA,91754,HSIP Freedom Airports_Heliports,3298879,2020-07-14 23:15:00,Y,,6382221.55761522,1992738.58894573
9483,Sheriffs Station Heliport,Sheriffs Station Heliport,Heliports,Transportation,,US Geological Survey (USGS) & LA County,,,Valencia,CA,91754,HSIP Freedom Airports_Heliports,3298880,2020-07-14 23:15:00,Y,,6395265.58795755,1974266.33816065
9484,Sfi-Vernon,Sfi-Vernon,Heliports,Transportation,,US Geological Survey (USGS) & LA County,,,Vernon,CA,90058,HSIP Freedom Airports_Heliports,3298881,2020-07-14 23:15:00,Y,,6497156.22669555,1822807.53904472
9485,Veterans Administration Medical Center West Los Angeles Heliport,Veterans Administration Medical Center West Los Angeles Heliport,Heliports,Transportation,,US Geological Survey (USGS) & LA County,,,West Los Angeles,CA,90073,HSIP Freedom Airports_Heliports,3298882,2020-07-14 23:15:00,Y,,6423504.14729397,1840586.57336847
9486,Presbyterian Intercommunity Hospital,Presbyterian Intercommunity Hospital,Heliports,Transportation,,US Geological Survey (USGS) & LA County,,,Whittier,CA,90602,HSIP Freedom Airports_Heliports,3298883,2020-07-14 23:15:01,Y,,6546804.83048214,1811870.72561656
9487,Prudential Helistop,Prudential Helistop,Heliports,Transportation,,US Geological Survey (USGS) & LA County,,,Woodland Hills,NJ,7107,HSIP Freedom Airports_Heliports,3298884,2020-07-14 23:15:01,Y,,6381678.18271773,1886802.99340264
9488,Warner Center Plaza One,Warner Center Plaza One,Heliports,Transportation,,US Geological Survey (USGS) & LA County,,,Woodland Hills,CA,91367,HSIP Freedom Airports_Heliports,3298885,2020-07-14 23:15:01,Y,,6380425.33450164,1888023.51720831
9489,Catalina Airport,Catalina Airport,Heliports,Transportation,,US Geological Survey (USGS) & LA County,,,,,,HSIP Freedom Gnis_structures,3305445,2020-07-14 23:24:12,Y,,6434457.25596514,1606012.29776731
9490,Two Harbors Amphibious Terminal Seaplane Base,Two Harbors Amphibious Terminal Seaplane Base,Heliports,Transportation,,US Geological Survey (USGS) & LA County,,,,,,HSIP Freedom Gnis_structures,3305446,2020-07-14 23:24:12,Y,,6406355.74097405,1616150.31817365
9491,Pebbly Beach Seaplane Base,Pebbly Beach Seaplane Base,Heliports,Transportation,,US Geological Survey (USGS) & LA County,,,,,,HSIP Freedom Gnis_structures,3305447,2020-07-14 23:24:12,Y,,6466095.82457763,1581735.09796223
9492,Avalon Bay Seaplane Base,Avalon Bay Seaplane Base,Heliports,Transportation,,US Geological Survey (USGS) & LA County,,,,,,HSIP Freedom Gnis_structures,3305448,2020-07-14 23:24:12,Y,,6464826.6821028,1582952.2674439
9493,Westlake Medical Center Heliport,Westlake Medical Center Heliport,Heliports,Transportation,,US Geological Survey (USGS) & LA County,,,,,,HSIP Freedom Gnis_structures,3305449,2020-07-14 23:24:12,Y,,6314026.98140623,1874945.85241881
9494,Santa Monica Municipal Airport,Santa Monica Municipal Airport,Heliports,Transportation,,US Geological Survey (USGS) & LA County,,,,,,HSIP Freedom Gnis_structures,3305450,2020-07-14 23:24:12,Y,,6424687.40641038,1828353.22644414
9495,Ri Ai Canoga Park G/L Helistop,Ri Ai Canoga Park G/L Helistop,Heliports,Transportation,,US Geological Survey (USGS) & LA County,,,,,,HSIP Freedom Gnis_structures,3305451,2020-07-14 23:24:13,Y,,6384770.25691414,1908315.20005006
9496,Ri Rd Canoga Park G/L Heliport,Ri Rd Canoga Park G/L Heliport,Heliports,Transportation,,US Geological Survey (USGS) & LA County,,,,,,HSIP Freedom Gnis_structures,3305452,2020-07-14 23:24:13,Y,,6379967.75766088,1891461.48211715
9497,Van Nuys Airport,Van Nuys Airport,Heliports,Transportation,,US Geological Survey (USGS) & LA County,,,,,,HSIP Freedom Gnis_structures,3305453,2020-07-14 23:24:13,Y,,6413329.95209122,1899065.79794523
9498,West Valley Area Heliport,West Valley Area Heliport,Heliports,Transportation,,US Geological Survey (USGS) & LA County,,,,,,HSIP Freedom Gnis_structures,3305454,2020-07-14 23:24:13,Y,,6395913.70739622,1893393.87228122
9499,Burbank-Glendale-Pasadena Airport,Burbank-Glendale-Pasadena Airport,Heliports,Transportation,,US Geological Survey (USGS) & LA County,,,,,,HSIP Freedom Gnis_structures,3305455,2020-07-14 23:24:15,Y,,6453043.53506547,1895562.24097598
9500,Saint Joseph Medical Center Heliport,Saint Joseph Medical Center Heliport,Heliports,Transportation,,US Geological Survey (USGS) & LA County,,,,,,HSIP Freedom Gnis_structures,3305456,2020-07-14 23:24:15,Y,,6461893.52392714,1879156.18750206
9501,Saint Vincent Professional Office Building Heliport,Saint Vincent Professional Office Building Heliport,Heliports,Transportation,,US Geological Survey (USGS) & LA County,,,,,,HSIP Freedom Gnis_structures,3305457,2020-07-14 23:24:15,Y,,6478863.35219213,1845747.49939831
9502,Whiteman Airport,Whiteman Airport,Heliports,Transportation,,US Geological Survey (USGS) & LA County,,,,,,HSIP Freedom Gnis_structures,3305458,2020-07-14 23:24:19,Y,,6436500.90935814,1917157.00782573
9503,Lake View Medical Center Heliport,Lake View Medical Center Heliport,Heliports,Transportation,,US Geological Survey (USGS) & LA County,,,,,,HSIP Freedom Gnis_structures,3305459,2020-07-14 23:24:19,Y,,6445427.91643848,1924905.07074164
9504,Security Pacific Plaza Heliport,Security Pacific Plaza Heliport,Heliports,Transportation,,US Geological Survey (USGS) & LA County,,,,,,HSIP Freedom Gnis_structures,3305460,2020-07-14 23:24:20,Y,,6484659.10175547,1841992.23919231
9505,Pacific Bell Heliport,Pacific Bell Heliport,Heliports,Transportation,,US Geological Survey (USGS) & LA County,,,,,,HSIP Freedom Gnis_structures,3305461,2020-07-14 23:24:20,Y,,6482220.76673713,1842706.07503498
9506,Arco Plaza Heliport,Arco Plaza Heliport,Heliports,Transportation,,US Geological Survey (USGS) & LA County,,,,,,HSIP Freedom Gnis_structures,3305462,2020-07-14 23:24:20,Y,,6483563.17284498,1841186.36285131
9507,Sheriffs Headquarters - Temple And Grand Heliport,Sheriffs Headquarters - Temple And Grand Heliport,Heliports,Transportation,,US Geological Survey (USGS) & LA County,,,,,,HSIP Freedom Gnis_structures,3305463,2020-07-14 23:24:21,Y,,6487019.53732331,1843805.89009257
9508,Goodyear Blimp Base Airport,Goodyear Blimp Base Airport,Heliports,Transportation,,US Geological Survey (USGS) & LA County,,,,,,HSIP Freedom Gnis_structures,3305464,2020-07-14 23:24:25,Y,,6477224.93650572,1770239.88138498
9509,San Pedro Peninsula Hospital Heliport,San Pedro Peninsula Hospital Heliport,Heliports,Transportation,,US Geological Survey (USGS) & LA County,,,,,,HSIP Freedom Gnis_structures,3305465,2020-07-14 23:24:25,Y,,6466971.6876553,1727407.80169497
9510,Zamperini Field,Zamperini Field,Heliports,Transportation,,US Geological Survey (USGS) & LA County,,,,,,HSIP Freedom Gnis_structures,3305466,2020-07-14 23:24:25,Y,,6458267.55020797,1750989.79652564
9511,South Bay Hospital Heliport,South Bay Hospital Heliport,Heliports,Transportation,,US Geological Survey (USGS) & LA County,,,,,,HSIP Freedom Gnis_structures,3305467,2020-07-14 23:24:25,Y,,6445592.25469247,1769029.03931847
9512,Hawthorne Municipal Airport,Hawthorne Municipal Airport,Heliports,Transportation,,US Geological Survey (USGS) & LA County,,,,,,HSIP Freedom Gnis_structures,3305468,2020-07-14 23:24:26,Y,,6459762.52261172,1794453.06392965
9513,Compton / Woodley Heliport,Compton / Woodley Heliport,Heliports,Transportation,,US Geological Survey (USGS) & LA County,,,,,,HSIP Freedom Gnis_structures,3305469,2020-07-14 23:24:31,Y,,6488337.29157755,1782094.37047122
9514,Saint Francis Medical Center Helistop,Saint Francis Medical Center Helistop,Heliports,Transportation,,US Geological Survey (USGS) & LA County,,,,,,HSIP Freedom Gnis_structures,3305470,2020-07-14 23:24:31,Y,,6499966.91989306,1797074.92876464
9515,Pacific Electric Building Heliport,Pacific Electric Building Heliport,Heliports,Transportation,,US Geological Survey (USGS) & LA County,,,,,,HSIP Freedom Gnis_structures,3305471,2020-07-14 23:24:33,Y,,6485912.95259422,1838653.32461031
9516,R I Sd Downey Helistop,R I Sd Downey Helistop,Heliports,Transportation,,US Geological Survey (USGS) & LA County,,,,,,HSIP Freedom Gnis_structures,3305472,2020-07-14 23:24:36,Y,,6523053.08763139,1794509.43619223
9517,Long Beach Airport,Long Beach Airport,Heliports,Transportation,,US Geological Survey (USGS) & LA County,,,,,,HSIP Freedom Gnis_structures,3305473,2020-07-14 23:24:37,Y,,6515410.54779838,1756005.46103498
9518,Saint Mary Medical Center Heliport,Saint Mary Medical Center Heliport,Heliports,Transportation,,US Geological Survey (USGS) & LA County,,,,,,HSIP Freedom Gnis_structures,3305474,2020-07-14 23:24:37,Y,,6504921.3479763,1741971.85458781
9519,Methodist Hospital Heliport,Methodist Hospital Heliport,Heliports,Transportation,,US Geological Survey (USGS) & LA County,,,,,,HSIP Freedom Gnis_structures,3305475,2020-07-14 23:24:41,Y,,6548536.48843613,1870908.42151731
9520,Sce Headquarters Heliport,Sce Headquarters Heliport,Heliports,Transportation,,US Geological Survey (USGS) & LA County,,,,,,HSIP Freedom Gnis_structures,3305476,2020-07-14 23:24:41,Y,,6537269.07265081,1841394.84799865
9521,San Gabriel Valley Airport,San Gabriel Valley Airport,Heliports,Transportation,,US Geological Survey (USGS) & LA County,,,,,,HSIP Freedom Gnis_structures,3305477,2020-07-14 23:24:41,Y,,6550884.19076172,1853621.98102464
9522,Brackett Field,Brackett Field,Heliports,Transportation,,US Geological Survey (USGS) & LA County,,,,,,HSIP Freedom Gnis_structures,3305478,2020-07-14 23:24:41,Y,,6627505.23141697,1855713.25177647
9523,Agua Dulce Airpark,Agua Dulce Airpark,Heliports,Transportation,,US Geological Survey (USGS) & LA County,,,,,,HSIP Freedom Gnis_structures,3305479,2020-07-14 23:24:46,Y,,6467162.87887397,2005899.97600873
9524,Nichols Farms Airport,Nichols Farms Airport,Heliports,Transportation,,US Geological Survey (USGS) & LA County,,,,,,HSIP Freedom Gnis_structures,3305480,2020-07-14 23:24:46,Y,,6613819.33720088,2036629.60385381
9525,Brian Ranch Airport,Brian Ranch Airport,Heliports,Transportation,,US Geological Survey (USGS) & LA County,,,,,,HSIP Freedom Gnis_structures,3305481,2020-07-14 23:24:46,Y,,6633111.79205422,2009881.32729797
9526,Quail Lake Sky Park,Quail Lake Sky Park,Heliports,Transportation,,US Geological Survey (USGS) & LA County,,,,,,HSIP Freedom Gnis_structures,3305482,2020-07-14 23:24:46,Y,,6341658.75192997,2102485.48198432
9527,Bohunks Airpark,Bohunks Airpark,Heliports,Transportation,,US Geological Survey (USGS) & LA County,,,,,,HSIP Freedom Gnis_structures,3305483,2020-07-14 23:24:46,Y,,6476313.98786831,2075218.41250281
9528,Little Buttes Antique Airfield,Little Buttes Antique Airfield,Heliports,Transportation,,US Geological Survey (USGS) & LA County,,,,,,HSIP Freedom Gnis_structures,3305484,2020-07-14 23:24:46,Y,,6478084.1890523,2111403.33029032
9529,General William J Fox Airfield,General William J Fox Airfield,Heliports,Transportation,,US Geological Survey (USGS) & LA County,,,,,,HSIP Freedom Gnis_structures,3305485,2020-07-14 23:24:46,Y,,6495639.18511023,2092051.83913773
9530,Crystal Airport,Crystal Airport,Heliports,Transportation,,US Geological Survey (USGS) & LA County,,,,,,HSIP Freedom Gnis_structures,3305486,2020-07-14 23:24:46,Y,,6614550.57392739,2000947.47968015
9531,Palmdale Regional Airport (Heliport),Palmdale Regional Airport (Heliport),Heliports,Transportation,,US Geological Survey (USGS) & LA County,,,,,,HSIP Freedom Gnis_structures,3305487,2020-07-14 23:24:47,Y,,6535347.14703272,2050044.29552831
9532,Gray Butte Field,Gray Butte Field,Heliports,Transportation,,US Geological Survey (USGS) & LA County,,,,,,HSIP Freedom Gnis_structures,3305488,2020-07-14 23:24:47,Y,,6659579.12691472,2028251.9044019
9533,Union Station,Union Station,Metrolink Stations,Transportation,,LA County,800 N. Alameda St.,,Los Angeles,CA,90012,Metropolitan Transportation Authority (MTA),1054069001,6/4/2013,Y,,6490052.9997603,1842864.12524381
9534,Riverside-La Sierra Metrolink Station,Riverside-La Sierra,Metrolink Stations,Transportation,,Metropolitan Transit Authority (MTA),10901 Indiana Avenue,,COUNTY,,,Metropolitan Transportation Authority (MTA),LAS,5/3/2011,Y,,6722266.15967688,1786240.11742906
9535,West Corona Metrolink Station,West Corona,Metrolink Stations,Transportation,,Metropolitan Transit Authority (MTA),155 S. Auto Center Dr.,,CORONA,,,Metropolitan Transportation Authority (MTA),WCR,5/3/2011,Y,,6678832.67928681,1780870.36668564
9536,Anaheim Canyon Metrolink Station,Anaheim Canyon,Metrolink Stations,Transportation,,Metropolitan Transit Authority (MTA),1039 N. Pacificenter Drive,,ANAHEIM,,,Metropolitan Transportation Authority (MTA),CYN,5/3/2011,Y,,6610204.69088688,1769092.36169839
9537,North Main Corona Metrolink Station,North Main Corona,Metrolink Stations,Transportation,,Metropolitan Transit Authority (MTA),,,CORONA,,,Metropolitan Transportation Authority (MTA),NMC,5/3/2011,Y,,6694298.66180623,1779794.61522822
9538,Commerce Metrolink Station,Commerce,Metrolink Stations,Transportation,,Metropolitan Transit Authority (MTA),6433 26th Street,,CITY OF COMMERCE,,,Metropolitan Transportation Authority (MTA),COM,5/3/2011,Y,,6519225.19108772,1818503.1014594
9539,Norwalk/Santa Fe Springs Metrolink Station,Norwalk/Santa Fe Springs,Metrolink Stations,Transportation,,Metropolitan Transit Authority (MTA),12700 Imperial Highway,,NORWALK,,,Metropolitan Transportation Authority (MTA),NLK,5/3/2011,Y,,6543252.19191813,1792079.73009364
9540,Fullerton Metrolink Station,Fullerton,Metrolink Stations,Transportation,,Metropolitan Transit Authority (MTA),120 E Santa Fe Avenue,,FULLERTON,,,Metropolitan Transportation Authority (MTA),FUL,5/3/2011,Y,,6585223.17359281,1774707.3622794
9541,Anaheim Metrolink Station,Anaheim,Metrolink Stations,Transportation,,Metropolitan Transit Authority (MTA),2150 Katella Avenue,,ANAHEIM,,,Metropolitan Transportation Authority (MTA),ANA,5/3/2011,Y,,6597432.68821572,1750913.73762265
9542,Orange Metrolink Station,Orange,Metrolink Stations,Transportation,,Metropolitan Transit Authority (MTA),194 N. Atchison Street,,ORANGE,,,Metropolitan Transportation Authority (MTA),ORG,5/3/2011,Y,,6605058.16574688,1745339.4918814
9543,Santa Ana Metrolink Station,Santa Ana,Metrolink Stations,Transportation,,Metropolitan Transit Authority (MTA),1000 E. Santa Ana Blvd,,SQUIRREL MTN VALLEY,,,Metropolitan Transportation Authority (MTA),SNA,5/3/2011,Y,,6605367.67759505,1732171.49197073
9544,Irvine Metrolink Station,Irvine,Metrolink Stations,Transportation,,Metropolitan Transit Authority (MTA),15215 Barranca Parkway,,IRVINE,,,Metropolitan Transportation Authority (MTA),IRV,5/3/2011,Y,,6642866.17149556,1697560.62221622
9545,San Juan Capistrano Metrolink Station,San Juan Capistrano,Metrolink Stations,Transportation,,Metropolitan Transit Authority (MTA),26701 Verdugo Street,,SAN JUAN CAPISTRANO,,,Metropolitan Transportation Authority (MTA),SNC,5/3/2011,Y,,6664267.66773447,1641225.13088481
9546,San Clemente Metrolink Station,San Clemente,Metrolink Stations,Transportation,,Metropolitan Transit Authority (MTA),1850 Avenida Estacion,,SAN CLEMENTE,,,Metropolitan Transportation Authority (MTA),SCT,5/3/2011,Y,,6673788.68609397,1615863.00936507
9547,Oceanside Metrolink Station,Oceanside,Metrolink Stations,Transportation,,Metropolitan Transit Authority (MTA),235 S. Tremont Avenue,,COUNTY,,,Metropolitan Transportation Authority (MTA),OSD,5/3/2011,Y,,6751191.16744356,1529556.39949831
9548,San Clemente Pier Metrolink Station,San Clemente Pier,Metrolink Stations,Transportation,,Metropolitan Transit Authority (MTA),,,SAN CLEMENTE,,,Metropolitan Transportation Authority (MTA),SCP,5/3/2011,Y,,6677770.67452106,1611327.25859407
9549,Tustin Metrolink Station,Tustin,Metrolink Stations,Transportation,,Metropolitan Transit Authority (MTA),Edinger,,TUSTIN,,,Metropolitan Transportation Authority (MTA),TUS,5/3/2011,Y,,6620839.67092922,1716011.74345039
9550,Laguna Niguel/Mission Viejo Metrolink Station,Laguna Niguel/Mission Viejo,Metrolink Stations,Transportation,,Metropolitan Transit Authority (MTA),,,LAGUNA NIGUEL,,,Metropolitan Transportation Authority (MTA),LAG,5/3/2011,Y,,6660907.16756572,1659651.5015123
9551,Downtown Pomona Metrolink Station,Downtown Pomona,Metrolink Stations,Transportation,,Metropolitan Transit Authority (MTA),100 E. Commercial Street,,POMONA,,,Metropolitan Transportation Authority (MTA),POD,5/3/2011,Y,,6637127.15541455,1844021.35718131
9552,Industry Metrolink Station,Industry,Metrolink Stations,Transportation,,Metropolitan Transit Authority (MTA),600 S. Brea Canyon Road,,CITY OF INDUSTRY,,,Metropolitan Transportation Authority (MTA),IND,5/3/2011,Y,,6608446.18784222,1825419.98165448
9553,Commerce/Montebello Metrolink Station,Commerce/Montebello,Metrolink Stations,Transportation,,Metropolitan Transit Authority (MTA),2000 Flotilla Street,,MONTEBELLO,,,Metropolitan Transportation Authority (MTA),MOC,8/15/2013,Y,,6523454.98085646,1824930.6811239
9554,East Ontario Metrolink Station,East Ontario,Metrolink Stations,Transportation,,Metropolitan Transit Authority (MTA),3330 E. Francis Street,,ONTARIO,,,Metropolitan Transportation Authority (MTA),ONT,5/3/2011,Y,,6689918.66564497,1836952.2338524
9555,Pedley Metrolink Station,Pedley,Metrolink Stations,Transportation,,Metropolitan Transit Authority (MTA),6001 Pedley Road,,PEDLEY,,,Metropolitan Transportation Authority (MTA),PED,5/3/2011,Y,,6720557.6529233,1814447.36416405
9556,Riverside-Downtown Metrolink Station,Riverside-Downtown,Metrolink Stations,Transportation,,Metropolitan Transit Authority (MTA),4066 Vine Street,,RIVERSIDE,,,Metropolitan Transportation Authority (MTA),RVS,5/3/2011,Y,,6752682.67167839,1814000.36407381
9557,Claremont Metrolink Station,Claremont,Metrolink Stations,Transportation,,Metropolitan Transit Authority (MTA),200 W. 1st Street,,CLAREMONT,,,Metropolitan Transportation Authority (MTA),CMT,5/3/2011,Y,,6647446.66824006,1856789.85657865
9558,Pomona Metrolink Station,Pomona,Metrolink Stations,Transportation,,Metropolitan Transit Authority (MTA),205 Santa Fe Street,,POMONA,,,Metropolitan Transportation Authority (MTA),POM,5/3/2011,Y,,6636209.17562322,1856444.10497355
9559,Covina Metrolink Station,Covina,Metrolink Stations,Transportation,,Metropolitan Transit Authority (MTA),600 N. Citrus Avenue,,COVINA,,,Metropolitan Transportation Authority (MTA),COV,5/3/2011,Y,,6595619.17314197,1856032.72751547
9560,Baldwin Park Metrolink Station,Baldwin Park,Metrolink Stations,Transportation,,Metropolitan Transit Authority (MTA),3825 Downing Avenue,,BALDWIN PARK,,,Metropolitan Transportation Authority (MTA),BWP,5/3/2011,Y,,6574703.6749468,1853939.85342039
9561,El Monte Metrolink Station,El Monte,Metrolink Stations,Transportation,,Metropolitan Transit Authority (MTA),10925 Railroad Street,,EL MONTE,,,Metropolitan Transportation Authority (MTA),EMT,5/3/2011,Y,,6550714.6855233,1850415.72595423
9562,Cal State La Metrolink Station,Cal State La,Metrolink Stations,Transportation,,Metropolitan Transit Authority (MTA),5150 State University Drive,,LOS ANGELES,,,Metropolitan Transportation Authority (MTA),CAL,5/3/2011,Y,,6510450.69551338,1845386.47354557
9563,San Bernardino Metrolink Station,San Bernardino,Metrolink Stations,Transportation,,Metropolitan Transit Authority (MTA),1204 W. 3rd Street,,SAN BERNARDINO,,,Metropolitan Transportation Authority (MTA),SNB,5/3/2011,Y,,6770517.65011597,1861137.36199123
9564,Rialto Metrolink Station,Rialto,Metrolink Stations,Transportation,,Metropolitan Transit Authority (MTA),261 S. Palm Avenue,,RIALTO,,,Metropolitan Transportation Authority (MTA),RIA,5/3/2011,Y,,6751899.64273264,1858184.6106789
9565,Fontana Metrolink Station,Fontana,Metrolink Stations,Transportation,,Metropolitan Transit Authority (MTA),16777 Orange Way,,FONTANA,,,Metropolitan Transportation Authority (MTA),FNT,5/3/2011,Y,,6731829.1677818,1857466.48645897
9566,Upland Metrolink Station,Upland,Metrolink Stations,Transportation,,Metropolitan Transit Authority (MTA),300 E. A Street,,COUNTY,,,Metropolitan Transportation Authority (MTA),UPL,5/3/2011,Y,,6668270.15644863,1856944.8572529
9567,Rancho Cucamonga Metrolink Station,Rancho Cucamonga,Metrolink Stations,Transportation,,Metropolitan Transit Authority (MTA),11208 Azusa Court,,RANCHO CUCAMONGA,,,Metropolitan Transportation Authority (MTA),RCM,5/3/2011,Y,,6694968.65456071,1856109.98162606
9568,Montclair Metrolink Station,Montclair,Metrolink Stations,Transportation,,Metropolitan Transit Authority (MTA),5091 Richton Street,,MONTCLAIR,,,Metropolitan Transportation Authority (MTA),MCL,5/3/2011,Y,,6653955.67753172,1856690.3557934
9569,Speedway Metrolink Station,Speedway,Metrolink Stations,Transportation,,Metropolitan Transit Authority (MTA),Calabash Avenue,,FONTANA,,,Metropolitan Transportation Authority (MTA),SPY,5/3/2011,Y,,6712556.15055364,1856751.98395097
9570,La County Fairgrounds Metrolink Station,La County Fairgrounds,Metrolink Stations,Transportation,,Metropolitan Transit Authority (MTA),Arrow Highway,,POMONA,,,Metropolitan Transportation Authority (MTA),LCF,5/3/2011,Y,,6631950.16839322,1857359.23011181
9571,Lancaster Metrolink Station,Lancaster,Metrolink Stations,Transportation,,Metropolitan Transit Authority (MTA),44812 Sierra Hwy,,LANCASTER,,,Metropolitan Transportation Authority (MTA),LAN,5/3/2011,Y,,6520706.66023764,2076008.5746364
9572,Vincent Grade/Acton Metrolink Station,Vincent Grade/Acton,Metrolink Stations,Transportation,,Metropolitan Transit Authority (MTA),550 W. Sierra Hwy,,COUNTY,,,Metropolitan Transportation Authority (MTA),VIN,5/3/2011,Y,,6525379.67221706,2003191.70911556
9573,Santa Clarita Metrolink Station,Santa Clarita,Metrolink Stations,Transportation,,Metropolitan Transit Authority (MTA),22122 Soledad Canyon Rd,,SANTA CLARITA,,,Metropolitan Transportation Authority (MTA),SCR,5/3/2011,Y,,6403229.67996897,1973472.07859431
9574,Princessa Metrolink Station,Princessa,Metrolink Stations,Transportation,,Metropolitan Transit Authority (MTA),19201 Via Princessa,,SANTA CLARITA,,,Metropolitan Transportation Authority (MTA),VPR,5/3/2011,Y,,6420226.1846898,1971269.20734389
9575,Sylmar/San Fernando Metrolink Station,Sylmar/San Fernando,Metrolink Stations,Transportation,,Metropolitan Transit Authority (MTA),12219 Frank Modugno Drive,,LOS ANGELES,,,Metropolitan Transportation Authority (MTA),SYL,5/3/2011,Y,,6425916.17626256,1929059.7090859
9576,Downtown Burbank Metrolink Station,Downtown Burbank,Metrolink Stations,Transportation,,Metropolitan Transit Authority (MTA),201 N. Front Street,,BURBANK,,,Metropolitan Transportation Authority (MTA),BUR,6/9/2014,Y,,6467314.18336138,1887558.34392606
9577,Glendale Metrolink Station,Glendale,Metrolink Stations,Transportation,,Metropolitan Transit Authority (MTA),400 W. Cerritos Ave.,,GLENDALE,,,Metropolitan Transportation Authority (MTA),GDL,5/3/2011,Y,,6483423.70101105,1867505.22064656
9578,Sun Valley Metrolink Station,Sun Valley,Metrolink Stations,Transportation,,Metropolitan Transit Authority (MTA),San Fernando & Olinda,,LOS ANGELES,,,Metropolitan Transportation Authority (MTA),SUN,5/3/2011,Y,,6448560.2028248,1903876.21352123
9579,Newhall Metrolink Station,Newhall,Metrolink Stations,Transportation,,Metropolitan Transit Authority (MTA),,,SANTA CLARITA,,,Metropolitan Transportation Authority (MTA),NHL,5/3/2011,Y,,6401621.68285689,1962599.83065382
9580,Palmdale Metrolink Station,Palmdale,Metrolink Stations,Transportation,,Metropolitan Transit Authority (MTA),39000 Clock Tower Plaza Drive,,LANCASTER,,,Metropolitan Transportation Authority (MTA),PLD,5/3/2011,Y,,6525757.68458439,2036999.0778524
9581,Chatsworth Metrolink Station,Chatsworth,Metrolink Stations,Transportation,,Metropolitan Transit Authority (MTA),21510 Devonshire Blvd,,CHATSWORTH,,,Metropolitan Transportation Authority (MTA),CWT,5/3/2011,Y,,6380559.18790847,1914890.58519323
9582,Northridge Metrolink Station,Northridge,Metrolink Stations,Transportation,,Metropolitan Transit Authority (MTA),8775 Wilbur Avenue,,LOS ANGELES,,,Metropolitan Transportation Authority (MTA),NTH,5/3/2011,Y,,6396717.17888638,1906619.83565864
9583,Van Nuys Metrolink Station,Van Nuys,Metrolink Stations,Transportation,,Metropolitan Transit Authority (MTA),7720 Van Nuys Blvd,,VAN NUYS,,,Metropolitan Transportation Authority (MTA),VNC,5/3/2011,Y,,6426522.69899964,1899470.34011514
9584,Burbank Airport Metrolink Station,Burbank Airport,Metrolink Stations,Transportation,,Metropolitan Transit Authority (MTA),3750 Empire Avenue,,BURBANK,,,Metropolitan Transportation Authority (MTA),BRA,5/3/2011,Y,,6455272.6756203,1892707.71682939
9585,Moorpark Metrolink Station,Moorpark,Metrolink Stations,Transportation,,Metropolitan Transit Authority (MTA),300 High Street,,MOORPARK,,,Metropolitan Transportation Authority (MTA),MPK,5/3/2011,Y,,6294593.21482764,1926966.20441465
9586,Simi Valley Metrolink Station,Simi Valley,Metrolink Stations,Transportation,,Metropolitan Transit Authority (MTA),5050 Los Angeles Avenue,,SIMI VALLEY,,,Metropolitan Transportation Authority (MTA),SIM,5/3/2011,Y,,6350819.68866055,1921837.33245456
9587,Camarillo Metrolink Station,Camarillo,Metrolink Stations,Transportation,,Metropolitan Transit Authority (MTA),30 Lewis Road,,CAMARILLO,,,Metropolitan Transportation Authority (MTA),CAM,5/3/2011,Y,,6249133.21027538,1902832.83010931
9588,Oxnard Metrolink Station,Oxnard,Metrolink Stations,Transportation,,Metropolitan Transit Authority (MTA),201 E. Fourth Street,,OXNARD,,,Metropolitan Transportation Authority (MTA),OXN,5/3/2011,Y,,6205986.71881263,1896981.57770422
9589,Montalvo Metrolink Station,Montalvo,Metrolink Stations,Transportation,,Metropolitan Transit Authority (MTA),Ventura Blvd.,,MONTALVO,,,Metropolitan Transportation Authority (MTA),MON,5/3/2011,Y,,6197529.70324638,1915831.82445247
9590,Los Angeles Union Station,Los Angeles Union Station,Metrolink Stations,Transportation,,,800 N Alameda St,,Los Angeles,CA,90012,211,,11/1/2010,Y,,6489726.00894447,1842459.45971456
9591,VERDUGO,Verdugo Park and Ride,Park and Ride Locations,Transportation,,City,VERDUGO BLVD @ HILLDALE DR - SW QUAD SR 2 / I-210 IC,,La Canada,CA,91011,https://gisdata-caltrans.opendata.arcgis.com/datasets/72f31f3f87b0400e99703b879e511d13_0/about,,2/23/2023,Y,,6495374.0796693,1897262.75594765
9592,LAKEWOOD - WEST,Lakewood - West Park and Ride,Park and Ride Locations,Transportation,,State,9004 LAKEWOOD BLVD: NW QUAD I-5 / LAKEWOOD (SR 19) IC OFF VISTA DEL ROSA ST.,,Lakewood,CA,90240,https://gisdata-caltrans.opendata.arcgis.com/datasets/72f31f3f87b0400e99703b879e511d13_0/about,,2/23/2023,Y,,6527806.15292838,1807477.69043939
9593,UNITED METHODIST CHURCH,United Methodist Church Park and Ride,Park and Ride Locations,Transportation,,Private,718 S. AZUSA AVE,,West Covina,CA,91791,https://gisdata-caltrans.opendata.arcgis.com/datasets/72f31f3f87b0400e99703b879e511d13_0/about,,2/23/2023,Y,,6589666.23655705,1844867.47950481
9594,UNITED METHODIST CHURCH,United Methodist Church Park and Ride,Park and Ride Locations,Transportation,,Private,437 W. SAN BERNARDINO RD,,Covina,CA,91723,https://gisdata-caltrans.opendata.arcgis.com/datasets/72f31f3f87b0400e99703b879e511d13_0/about,,2/23/2023,Y,,6592414.52371138,1855387.03326881
9595,NEWHALL WEST,Newhall West Park and Ride,Park and Ride Locations,Transportation,,State,20516 W. SAN FERNANDO RD. - W OF SR 14,,Santa Clarita,CA,91321,https://gisdata-caltrans.opendata.arcgis.com/datasets/72f31f3f87b0400e99703b879e511d13_0/about,,2/23/2023,Y,,6408643.46474506,1955575.21609415
9596,NEWHALL EAST,Newhall East Park and Ride,Park and Ride Locations,Transportation,,State,20100 W SAN FERNANDO RD - (1260) E OF SR 14,,Santa Clarita,CA,91321,https://gisdata-caltrans.opendata.arcgis.com/datasets/72f31f3f87b0400e99703b879e511d13_0/about,,2/23/2023,Y,,6410316.30752797,1955465.28849247
9597,GOLDEN VALLEY,Golden Valley Park and Ride,Park and Ride Locations,Transportation,,State,SR 14 @ GOLDEN VALLEY ROAD (3 LOTS),,Santa Clarita,CA,91321,https://gisdata-caltrans.opendata.arcgis.com/datasets/72f31f3f87b0400e99703b879e511d13_0/about,,2/23/2023,Y,,6418875.53187931,1965722.46482848
9598,PEARBLOSSOM,Pearblossom Park and Ride,Park and Ride Locations,Transportation,,State,SIERRA HIGHWAY,,Palmdale,CA,93550,https://gisdata-caltrans.opendata.arcgis.com/datasets/72f31f3f87b0400e99703b879e511d13_0/about,,2/23/2023,Y,,6528472.04332888,2008257.28559856
9599,AVE S AND GEIGER AVE.,Ave S And Geiger Ave. Park and Ride,Park and Ride Locations,Transportation,,State,E AVE S @ GEIGER AVE W OF SR 14,,Palmdale,CA,93551,https://gisdata-caltrans.opendata.arcgis.com/datasets/72f31f3f87b0400e99703b879e511d13_0/about,,2/23/2023,Y,,6520037.3354608,2025383.79038748
9600,AVE K @ SR 14,Ave K @ SR 14 Park and Ride,Park and Ride Locations,Transportation,,State,1601 W AVE K @ SR 14,,Lancaster,CA,93534,https://gisdata-caltrans.opendata.arcgis.com/datasets/72f31f3f87b0400e99703b879e511d13_0/about,,2/23/2023,Y,,6513884.54363255,2068117.9900239
9601,PATHFINDER ROAD,Pathfinder Road Park and Ride,Park and Ride Locations,Transportation,,State,PATHFINDER RD @ SR 57,,Diamond Bar,CA,91765,https://gisdata-caltrans.opendata.arcgis.com/datasets/72f31f3f87b0400e99703b879e511d13_0/about,,2/23/2023,Y,,6609515.18701655,1816808.46049173
9602,DIAMOND BAR WEST,Diamond Bar West Park and Ride,Park and Ride Locations,Transportation,,State,101 N DIAMOND BAR BLVD,,Diamond Bar,CA,91765,https://gisdata-caltrans.opendata.arcgis.com/datasets/72f31f3f87b0400e99703b879e511d13_0/about,,2/23/2023,Y,,6618617.67668556,1831141.49448964
9603,DIAMOND BAR EAST,Diamond Bar East Park and Ride,Park and Ride Locations,Transportation,,State,100 N DIAMOND BAR BLVD,,Diamond Bar,CA,91765,https://gisdata-caltrans.opendata.arcgis.com/datasets/72f31f3f87b0400e99703b879e511d13_0/about,,2/23/2023,Y,,6618723.09510988,1831319.64898898
9604,UNITED METHODIST CHURCH,United Methodist Church Park and Ride,Park and Ride Locations,Transportation,,Private,20801 LA PUENTE,,Walnut,CA,91789,https://gisdata-caltrans.opendata.arcgis.com/datasets/72f31f3f87b0400e99703b879e511d13_0/about,,2/23/2023,Y,,6607404.10462455,1831677.57084531
9605,KANAN ROAD,Kanan Road Park and Ride,Park and Ride Locations,Transportation,,State,29165 ROADSIDE DR - SE QUAD US 101 / Kanan RD IC,,Agoura Hills,CA,91301,https://gisdata-caltrans.opendata.arcgis.com/datasets/72f31f3f87b0400e99703b879e511d13_0/about,,2/23/2023,Y,,6331603.0036688,1876114.90815157
9606,AVIATION,Aviation Park and Ride,Park and Ride Locations,Transportation,,State,I-105 @ AVIATION BLVD - 0.5 MI W OF I-405 IC,,El Segundo,CA,90045,https://gisdata-caltrans.opendata.arcgis.com/datasets/72f31f3f87b0400e99703b879e511d13_0/about,,2/23/2023,Y,,6447257.66179472,1797204.21820423
9607,HAWTHORNE,Hawthorne Park and Ride,Park and Ride Locations,Transportation,,State,I-105 @ HAWTHORNE BLVD & 111 TH ST,,Hawthorne,CA,90304,https://gisdata-caltrans.opendata.arcgis.com/datasets/72f31f3f87b0400e99703b879e511d13_0/about,,2/23/2023,Y,,6454504.77328472,1798655.05683798
9608,CRENSHAW,Crenshaw Park and Ride,Park and Ride Locations,Transportation,,State,SW QUAD I-105 / CRENSHAW IC - OFF 120TH STREET,,Inglewood,CA,90303,https://gisdata-caltrans.opendata.arcgis.com/datasets/72f31f3f87b0400e99703b879e511d13_0/about,,2/23/2023,Y,,6462031.84254813,1794932.42320715
9609,VERMONT AVE.,Vermont Ave. Park and Ride,Park and Ride Locations,Transportation,,State,NW QUAD I-105 / VERMONT AVE IC,,Athens,CA,90044,https://gisdata-caltrans.opendata.arcgis.com/datasets/72f31f3f87b0400e99703b879e511d13_0/about,,2/23/2023,Y,,6473062.15742972,1797063.36185865
9610,CENTURY / HARBOR,Century / Harbor Park and Ride,Park and Ride Locations,Transportation,,State,I-105 / I-110 JCT - 117 TH ST & FIGUEROA ST,,Los Angeles,CA,90061,https://gisdata-caltrans.opendata.arcgis.com/datasets/72f31f3f87b0400e99703b879e511d13_0/about,,2/23/2023,Y,,6475995.21914889,1796385.72377823
9611,AVALON,Avalon Park and Ride,Park and Ride Locations,Transportation,,State,I-105 @ AVALON BLVD,,Los Angeles,CA,90059,https://gisdata-caltrans.opendata.arcgis.com/datasets/72f31f3f87b0400e99703b879e511d13_0/about,,2/23/2023,Y,,6481904.00588772,1796347.13133572
9612,WILLOWBROOK,Willowbrook Park and Ride,Park and Ride Locations,Transportation,,State,NE & SW QUADS OF I-105 / WILMINGTON AVE IC,,Willowbrook,CA,90059,https://gisdata-caltrans.opendata.arcgis.com/datasets/72f31f3f87b0400e99703b879e511d13_0/about,,2/23/2023,Y,,6489067.11098406,1796141.45064473
9613,LONG BEACH BLVD.,Long Beach Blvd. Park and Ride,Park and Ride Locations,Transportation,,State,I-105 / LONG BEACH BLVD IC,,Lynwood,CA,90262,https://gisdata-caltrans.opendata.arcgis.com/datasets/72f31f3f87b0400e99703b879e511d13_0/about,,2/23/2023,Y,,6497971.16437013,1795134.95462623
9614,LAKEWOOD BLVD.,Lakewood Blvd. Park and Ride,Park and Ride Locations,Transportation,,State,12747 LAKEWOOD BLVD (SR 19) - @ I-105 / LAKEWOOD BLVD IC,,Downey,CA,90242,https://gisdata-caltrans.opendata.arcgis.com/datasets/72f31f3f87b0400e99703b879e511d13_0/about,,2/23/2023,Y,,6518756.67430823,1790528.47400981
9615,I-105 TERMINATION,I-105 Termination Park and Ride,Park and Ride Locations,Transportation,,State,12730 HOXIE AVE 0.25 MI W OF STUDEBAKER / I-105 INT SE QUAD OF I-105 / I-605 IC,,Norwalk,CA,90650,https://gisdata-caltrans.opendata.arcgis.com/datasets/72f31f3f87b0400e99703b879e511d13_0/about,,2/23/2023,Y,,6530260.96363555,1790990.10464823
9616,SAN PEDRO II,San Pedro II Park and Ride,Park and Ride Locations,Transportation,,State,515 N BEACON - @ N HARBOR BLVD,,San Pedro,CA,90731,https://gisdata-caltrans.opendata.arcgis.com/datasets/72f31f3f87b0400e99703b879e511d13_0/about,,2/23/2023,Y,,6476326.95339355,1730506.67246573
9617,SAN PEDRO,San Pedro Park and Ride,Park and Ride Locations,Transportation,,State,610 CHANNEL ST / BATTERY ST / GAFFEY ST - 0.4 MI N I-110 / SR 47 IC,,San Pedro,CA,90731,https://gisdata-caltrans.opendata.arcgis.com/datasets/72f31f3f87b0400e99703b879e511d13_0/about,,2/23/2023,Y,,6473151.02995539,1732972.24299389
9618,HARBOR PARK,Harbor Park Park and Ride,Park and Ride Locations,Transportation,,State,1345 W PACIFIC COAST HWY - NE QUAD I-110 / PCH IC,,Wilmington,CA,90744,https://gisdata-caltrans.opendata.arcgis.com/datasets/72f31f3f87b0400e99703b879e511d13_0/about,,2/23/2023,Y,,6476381.53235264,1746459.40237123
9619,CARSON,Carson Park and Ride,Park and Ride Locations,Transportation,,State,NW QUAD I-110 / W CARSON ST INT,,Los Angeles,CA,90501,https://gisdata-caltrans.opendata.arcgis.com/datasets/72f31f3f87b0400e99703b879e511d13_0/about,,2/23/2023,Y,,6474195.29689573,1761422.31240597
9620,HARBOR GATEWAY TRANSIT CENTER,Harbor Gateway Transit Center Park and Ride,Park and Ride Locations,Transportation,,State,SW QUAD I-110 / SR 91 IC - OFF 182ND STREET,,Los Angeles,CA,90248,https://gisdata-caltrans.opendata.arcgis.com/datasets/72f31f3f87b0400e99703b879e511d13_0/about,,2/23/2023,Y,,6474407.94706097,1775247.27852239
9621,ROSECRANS,Rosecrans Park and Ride,Park and Ride Locations,Transportation,,State,SE QUAD I-110 / ROSECRANS AVE IC,,Los Angeles,CA,90248,https://gisdata-caltrans.opendata.arcgis.com/datasets/72f31f3f87b0400e99703b879e511d13_0/about,,2/23/2023,Y,,6474956.51879847,1786679.15788956
9622,MANCHESTER,Manchester Park and Ride,Park and Ride Locations,Transportation,,State,NW & SE QUADS I-110 / MANCHESTER AVE IC,,Los Angeles,CA,90044,https://gisdata-caltrans.opendata.arcgis.com/datasets/72f31f3f87b0400e99703b879e511d13_0/about,,2/23/2023,Y,,6476515.43923706,1807988.32819764
9623,SLAUSON,Slauson Park and Ride,Park and Ride Locations,Transportation,,State,SW & SE QUAD I-110 / SLAUSON AVENUE IC,,Los Angeles,CA,90003,https://gisdata-caltrans.opendata.arcgis.com/datasets/72f31f3f87b0400e99703b879e511d13_0/about,,2/23/2023,Y,,6476602.65166105,1818372.25099932
9624,CHATSWORTH,Chatsworth Park and Ride,Park and Ride Locations,Transportation,,State,15550 CHATSWORTH STREET - SE QUAD I-405 / SR 118 IC,,Granda Hills,CA,91345,https://gisdata-caltrans.opendata.arcgis.com/datasets/72f31f3f87b0400e99703b879e511d13_0/about,,2/23/2023,Y,,6419486.01359797,1919042.48076081
9625,PORTER RANCH,Porter Ranch Park and Ride,Park and Ride Locations,Transportation,,State,SW QUAD SR 118 / PORTER RANCH DR. IC,,Chatsworth,CA,91311,https://gisdata-caltrans.opendata.arcgis.com/datasets/72f31f3f87b0400e99703b879e511d13_0/about,,2/23/2023,Y,,6389556.90908623,1921999.56178889
9626,GLENDALE,Glendale Park and Ride,Park and Ride Locations,Transportation,,State,SW QUAD SR 134 / SR 2 IC - OFF E WILSON AVE,,Glendale,CA,91206,https://gisdata-caltrans.opendata.arcgis.com/datasets/72f31f3f87b0400e99703b879e511d13_0/about,,2/23/2023,Y,,6492143.40732488,1876109.89897522
9627,SR 170 / OXNARD,SR 170 / Oxnard Park and Ride,Park and Ride Locations,Transportation,,State,1200 OXNARD STREET - SE QUAD SR 170 / OXNARD ST. IC,,North Hollywood,CA,91606,https://gisdata-caltrans.opendata.arcgis.com/datasets/72f31f3f87b0400e99703b879e511d13_0/about,,2/23/2023,Y,,6442364.40091197,1887847.31152397
9628,PAXTON,Paxton Park and Ride,Park and Ride Locations,Transportation,,State,12501 FOOTHILL BLVD @ PAXTON ST IC - SE QUAD SR 118 / I-210 IC,,Pacoima,CA,91342,https://gisdata-caltrans.opendata.arcgis.com/datasets/72f31f3f87b0400e99703b879e511d13_0/about,,2/23/2023,Y,,6438617.37100448,1926973.21457122
9629,LOWELL,Lowell Park and Ride,Park and Ride Locations,Transportation,,State,3930 LOWELL AVE - SW QUAD I-210 / HONOLULU AVE IC,,Glendale,CA,91214,https://gisdata-caltrans.opendata.arcgis.com/datasets/72f31f3f87b0400e99703b879e511d13_0/about,,2/23/2023,Y,,6481247.54722689,1906149.91927564
9630,SIERRA MADRE BLVD,Sierra Madre Blvd Park and Ride,Park and Ride Locations,Transportation,,State,"I-210 / SIERRA MADRE BLVD IC - BTWN SIERRA MADRE, SAN GABRIEL & LA TIERRA",,Pasadena,CA,91107,https://gisdata-caltrans.opendata.arcgis.com/datasets/72f31f3f87b0400e99703b879e511d13_0/about,,2/23/2023,Y,,6533007.27375972,1877709.95450215
9631,GRAND AVE.,Grand Ave. Park and Ride,Park and Ride Locations,Transportation,,State,628 W BASELINE RD - NW QUAD I- 210 / GRAND AVE IC,,Glendora,CA,91740,https://gisdata-caltrans.opendata.arcgis.com/datasets/72f31f3f87b0400e99703b879e511d13_0/about,,2/23/2023,Y,,6599241.90802246,1866543.35347581
9632,LONE HILL,Lone Hill Park and Ride,Park and Ride Locations,Transportation,,State,1000 S LONE HILL AVE - SE QUAD I-210 / S LONE HILL AVE. IC (W OF SR 57 IC),,Glendora,CA,91740,https://gisdata-caltrans.opendata.arcgis.com/datasets/72f31f3f87b0400e99703b879e511d13_0/about,,2/23/2023,Y,,6613507.17640789,1866085.39868306
9633,VIA VERDE / SR 57,Via Verde / SR 57 Park and Ride,Park and Ride Locations,Transportation,,State,105 VIA VERDE - NW QUAD SR 57 / VIA VERDE IC,,San Dimas,CA,91773,https://gisdata-caltrans.opendata.arcgis.com/datasets/72f31f3f87b0400e99703b879e511d13_0/about,,2/23/2023,Y,,6617677.37508847,1850762.6865464
9634,SKIRBALL AND MULHOLLAND,Skirball And Mulholland Park and Ride,Park and Ride Locations,Transportation,,State,2350 SKIRBALL CENTER DRIVE - NE OF SKIRBALL CENTER DR OC @ I-405,,Los Angeles,CA,90049,https://gisdata-caltrans.opendata.arcgis.com/datasets/72f31f3f87b0400e99703b879e511d13_0/about,,2/23/2023,Y,,6417263.77001096,1867620.19449797
9635,WASHINGTON AND FAIRFAX,Washington And Fairfax Park and Ride,Park and Ride Locations,Transportation,,City,NW corner of Fairfax Ave & Adams blvd,,Los Angeles,CA,90016,https://gisdata-caltrans.opendata.arcgis.com/datasets/72f31f3f87b0400e99703b879e511d13_0/about,,2/23/2023,Y,,6449443.2975153,1834566.30555339
